Filename,Identical
ISIC_0016070.jpg,True
ISIC_0015614.jpg,True
ISIC_0000341.jpg,True
ISIC_0014938.jpg,True
ISIC_0013689.jpg,True
ISIC_0013713.jpg,True
ISIC_0013807.jpg,True
ISIC_0015161.jpg,True
ISIC_0011081.jpg,True
ISIC_0000078.jpg,True
ISIC_0013287.jpg,True
ISIC_0014507.jpg,True
ISIC_0000028.jpg,True
ISIC_0012156.jpg,True
ISIC_0014675.jpg,True
ISIC_0015163.jpg,True
ISIC_0015482.jpg,True
ISIC_0010215.jpg,True
ISIC_0012258.jpg,True
ISIC_0000011.jpg,True
ISIC_0000542.jpg,True
ISIC_0012223.jpg,True
ISIC_0015207.jpg,True
ISIC_0009928.jpg,True
ISIC_0015958.jpg,True
ISIC_0010256.jpg,True
ISIC_0010444.jpg,True
ISIC_0009962.jpg,True
ISIC_0012518.jpg,True
ISIC_0000047.jpg,True
ISIC_0013948.jpg,True
ISIC_0000167.jpg,True
ISIC_0014249.jpg,True
ISIC_0000288.jpg,True
ISIC_0000186.jpg,True
ISIC_0000538.jpg,True
ISIC_0012840.jpg,True
ISIC_0013238.jpg,True
ISIC_0000900.jpg,True
ISIC_0011130.jpg,True
ISIC_0013159.jpg,True
ISIC_0000009.jpg,True
ISIC_0012273.jpg,True
ISIC_0000056.jpg,True
ISIC_0010231.jpg,True
ISIC_0012148.jpg,True
ISIC_0000368.jpg,True
ISIC_0000534.jpg,True
ISIC_0013626.jpg,True
ISIC_0012823.jpg,True
ISIC_0010044.jpg,True
ISIC_0014930.jpg,True
ISIC_0000307.jpg,True
ISIC_0011162.jpg,True
ISIC_0012521.jpg,True
ISIC_0016023.jpg,True
ISIC_0010251.jpg,True
ISIC_0015537.jpg,True
ISIC_0014843.jpg,True
ISIC_0010595.jpg,True
ISIC_0014746.jpg,True
ISIC_0012517.jpg,True
ISIC_0009929.jpg,True
ISIC_0000079.jpg,True
ISIC_0010557.jpg,True
ISIC_0009948.jpg,True
ISIC_0009994.jpg,True
ISIC_0012660.jpg,True
ISIC_0015416.jpg,True
ISIC_0000530.jpg,True
ISIC_0010456.jpg,True
ISIC_0000243.jpg,True
ISIC_0000439.jpg,True
ISIC_0015051.jpg,True
ISIC_0010236.jpg,True
ISIC_0014583.jpg,True
ISIC_0016000.jpg,True
ISIC_0015040.jpg,True
ISIC_0012722.jpg,True
ISIC_0010461.jpg,True
ISIC_0014473.jpg,True
ISIC_0015968.jpg,True
ISIC_0013835.jpg,True
ISIC_0014605.jpg,True
ISIC_0010584.jpg,True
ISIC_0000094.jpg,True
ISIC_0000140.jpg,True
ISIC_0015160.jpg,True
ISIC_0012469.jpg,True
ISIC_0010216.jpg,True
ISIC_0014692.jpg,True
ISIC_0001103.jpg,True
ISIC_0015220.jpg,True
ISIC_0013178.jpg,True
ISIC_0013220.jpg,True
ISIC_0013443.jpg,True
ISIC_0014949.jpg,True
ISIC_0000461.jpg,True
ISIC_0014127.jpg,True
ISIC_0010494.jpg,True
ISIC_0012891.jpg,True
ISIC_0011140.jpg,True
ISIC_0013980.jpg,True
ISIC_0013047.jpg,True
ISIC_0013109.jpg,True
ISIC_0007038.jpg,True
ISIC_0015476.jpg,True
ISIC_0013106.jpg,True
ISIC_0000354.jpg,True
ISIC_0010479.jpg,True
ISIC_0015330.jpg,True
ISIC_0015987.jpg,True
ISIC_0000119.jpg,True
ISIC_0013473.jpg,True
ISIC_0004168.jpg,True
ISIC_0014221.jpg,True
ISIC_0011084.jpg,True
ISIC_0016058.jpg,True
ISIC_0012539.jpg,True
ISIC_0015015.jpg,True
ISIC_0014739.jpg,True
ISIC_0009936.jpg,True
ISIC_0001140.jpg,True
ISIC_0014687.jpg,True
ISIC_0014825.jpg,True
ISIC_0015174.jpg,True
ISIC_0014233.jpg,True
ISIC_0012107.jpg,True
ISIC_0000023.jpg,True
ISIC_0014908.jpg,True
ISIC_0014815.jpg,True
ISIC_0013634.jpg,True
ISIC_0014028.jpg,True
ISIC_0012230.jpg,True
ISIC_0012318.jpg,True
ISIC_0012406.jpg,True
ISIC_0002885.jpg,True
ISIC_0010212.jpg,True
ISIC_0016017.jpg,True
ISIC_0014156.jpg,True
ISIC_0011230.jpg,True
ISIC_0012493.jpg,True
ISIC_0008600.jpg,True
ISIC_0000328.jpg,True
ISIC_0014932.jpg,True
ISIC_0000012.jpg,True
ISIC_0014044.jpg,True
ISIC_0014543.jpg,True
ISIC_0014740.jpg,True
ISIC_0010174.jpg,True
ISIC_0015264.jpg,True
ISIC_0011322.jpg,True
ISIC_0013736.jpg,True
ISIC_0012314.jpg,True
ISIC_0000066.jpg,True
ISIC_0008294.jpg,True
ISIC_0008396.jpg,True
ISIC_0015184.jpg,True
ISIC_0000519.jpg,True
ISIC_0014769.jpg,True
ISIC_0010849.jpg,True
ISIC_0011171.jpg,True
ISIC_0014576.jpg,True
ISIC_0013792.jpg,True
ISIC_0011112.jpg,True
ISIC_0014026.jpg,True
ISIC_0011097.jpg,True
ISIC_0013055.jpg,True
ISIC_0008507.jpg,True
ISIC_0000431.jpg,True
ISIC_0009973.jpg,True
ISIC_0013839.jpg,True
ISIC_0016051.jpg,True
ISIC_0011352.jpg,True
ISIC_0000536.jpg,True
ISIC_0010018.jpg,True
ISIC_0013455.jpg,True
ISIC_0000259.jpg,True
ISIC_0000521.jpg,True
ISIC_0016033.jpg,True
ISIC_0014923.jpg,True
ISIC_0014211.jpg,True
ISIC_0009297.jpg,True
ISIC_0010847.jpg,True
ISIC_0010351.jpg,True
ISIC_0001184.jpg,True
ISIC_0000300.jpg,True
ISIC_0011137.jpg,True
ISIC_0014586.jpg,True
ISIC_0000415.jpg,True
ISIC_0013320.jpg,True
ISIC_0012897.jpg,True
ISIC_0011398.jpg,True
ISIC_0010255.jpg,True
ISIC_0013342.jpg,True
ISIC_0000123.jpg,True
ISIC_0016027.jpg,True
ISIC_0013155.jpg,True
ISIC_0013652.jpg,True
ISIC_0009931.jpg,True
ISIC_0012309.jpg,True
ISIC_0007156.jpg,True
ISIC_0014834.jpg,True
ISIC_0000001.jpg,True
ISIC_0015062.jpg,True
ISIC_0015212.jpg,True
ISIC_0013492.jpg,True
ISIC_0004346.jpg,True
ISIC_0010572.jpg,True
ISIC_0010321.jpg,True
ISIC_0014454.jpg,True
ISIC_0011330.jpg,True
ISIC_0013371.jpg,True
ISIC_0011301.jpg,True
ISIC_0012699.jpg,True
ISIC_0012216.jpg,True
ISIC_0001190.jpg,True
ISIC_0000008.jpg,True
ISIC_0010854.jpg,True
ISIC_0000104.jpg,True
ISIC_0010238.jpg,True
ISIC_0012675.jpg,True
ISIC_0013433.jpg,True
ISIC_0000219.jpg,True
ISIC_0010225.jpg,True
ISIC_0012828.jpg,True
ISIC_0013908.jpg,True
ISIC_0010059.jpg,True
ISIC_0010207.jpg,True
ISIC_0012658.jpg,True
ISIC_0014903.jpg,True
ISIC_0013187.jpg,True
ISIC_0011079.jpg,True
ISIC_0010445.jpg,True
ISIC_0011090.jpg,True
ISIC_0010474.jpg,True
ISIC_0010566.jpg,True
ISIC_0001852.jpg,True
ISIC_0009800.jpg,True
ISIC_0015167.jpg,True
ISIC_0013995.jpg,True
ISIC_0000275.jpg,True
ISIC_0002616.jpg,True
ISIC_0004715.jpg,True
ISIC_0014186.jpg,True
ISIC_0010173.jpg,True
ISIC_0014969.jpg,True
ISIC_0000063.jpg,True
ISIC_0000161.jpg,True
ISIC_0014248.jpg,True
ISIC_0012164.jpg,True
ISIC_0000006.jpg,True
ISIC_0012179.jpg,True
ISIC_0000493.jpg,True
ISIC_0000391.jpg,True
ISIC_0013269.jpg,True
ISIC_0010020.jpg,True
ISIC_0013558.jpg,True
ISIC_0011362.jpg,True
ISIC_0016066.jpg,True
ISIC_0010334.jpg,True
ISIC_0009955.jpg,True
ISIC_0009533.jpg,True
ISIC_0009960.jpg,True
ISIC_0014945.jpg,True
ISIC_0015002.jpg,True
ISIC_0015200.jpg,True
ISIC_0010002.jpg,True
ISIC_0000041.jpg,True
ISIC_0011207.jpg,True
ISIC_0012903.jpg,True
ISIC_0012324.jpg,True
ISIC_0013789.jpg,True
ISIC_0012102.jpg,True
ISIC_0014713.jpg,True
ISIC_0012904.jpg,True
ISIC_0013191.jpg,True
ISIC_0015956.jpg,True
ISIC_0003346.jpg,True
ISIC_0000149.jpg,True
ISIC_0009910.jpg,True
ISIC_0000539.jpg,True
ISIC_0013495.jpg,True
ISIC_0010459.jpg,True
ISIC_0014802.jpg,True
ISIC_0016048.jpg,True
ISIC_0015971.jpg,True
ISIC_0014920.jpg,True
ISIC_0010071.jpg,True
ISIC_0016061.jpg,True
ISIC_0013777.jpg,True
ISIC_0011384.jpg,True
ISIC_0013010.jpg,True
ISIC_0000155.jpg,True
ISIC_0009869.jpg,True
ISIC_0000443.jpg,True
ISIC_0014181.jpg,True
ISIC_0012369.jpg,True
ISIC_0000208.jpg,True
ISIC_0013037.jpg,True
ISIC_0015298.jpg,True
ISIC_0011169.jpg,True
ISIC_0009298.jpg,True
ISIC_0000003.jpg,True
ISIC_0011292.jpg,True
ISIC_0014770.jpg,True
ISIC_0012495.jpg,True
ISIC_0012090.jpg,True
ISIC_0013248.jpg,True
ISIC_0005666.jpg,True
ISIC_0000220.jpg,True
ISIC_0013197.jpg,True
ISIC_0013898.jpg,True
ISIC_0000230.jpg,True
ISIC_0000060.jpg,True
ISIC_0001134.jpg,True
ISIC_0015215.jpg,True
ISIC_0011363.jpg,True
ISIC_0014808.jpg,True
ISIC_0000189.jpg,True
ISIC_0001267.jpg,True
ISIC_0010570.jpg,True
ISIC_0013335.jpg,True
ISIC_0013147.jpg,True
ISIC_0014433.jpg,True
ISIC_0014974.jpg,True
ISIC_0002107.jpg,True
ISIC_0011387.jpg,True
ISIC_0000513.jpg,True
ISIC_0014637.jpg,True
ISIC_0011367.jpg,True
ISIC_0012149.jpg,True
ISIC_0002976.jpg,True
ISIC_0012544.jpg,True
ISIC_0006193.jpg,True
ISIC_0013429.jpg,True
ISIC_0012768.jpg,True
ISIC_0014222.jpg,True
ISIC_0013461.jpg,True
ISIC_0012901.jpg,True
ISIC_0012303.jpg,True
ISIC_0008116.jpg,True
ISIC_0000157.jpg,True
ISIC_0013184.jpg,True
ISIC_0013778.jpg,True
ISIC_0012263.jpg,True
ISIC_0009915.jpg,True
ISIC_0013459.jpg,True
ISIC_0012956.jpg,True
ISIC_0014765.jpg,True
ISIC_0015125.jpg,True
ISIC_0012793.jpg,True
ISIC_0014684.jpg,True
ISIC_0015973.jpg,True
ISIC_0013680.jpg,True
ISIC_0000156.jpg,True
ISIC_0010219.jpg,True
ISIC_0000277.jpg,True
ISIC_0010006.jpg,True
ISIC_0016013.jpg,True
ISIC_0011323.jpg,True
ISIC_0010069.jpg,True
ISIC_0015383.jpg,True
ISIC_0009942.jpg,True
ISIC_0012708.jpg,True
ISIC_0009976.jpg,True
ISIC_0010562.jpg,True
ISIC_0014316.jpg,True
ISIC_0015003.jpg,True
ISIC_0012136.jpg,True
ISIC_0015108.jpg,True
ISIC_0013213.jpg,True
ISIC_0014190.jpg,True
ISIC_0010463.jpg,True
ISIC_0013738.jpg,True
ISIC_0000499.jpg,True
ISIC_0014542.jpg,True
ISIC_0000139.jpg,True
ISIC_0012187.jpg,True
ISIC_0015232.jpg,True
ISIC_0000255.jpg,True
ISIC_0016046.jpg,True
ISIC_0012684.jpg,True
ISIC_0012511.jpg,True
ISIC_0015226.jpg,True
ISIC_0015026.jpg,True
ISIC_0015989.jpg,True
ISIC_0014522.jpg,True
ISIC_0010340.jpg,True
ISIC_0013667.jpg,True
ISIC_0014501.jpg,True
ISIC_0008406.jpg,True
ISIC_0015129.jpg,True
ISIC_0014513.jpg,True
ISIC_0013675.jpg,True
ISIC_0002780.jpg,True
ISIC_0016019.jpg,True
ISIC_0010481.jpg,True
ISIC_0016053.jpg,True
ISIC_0010380.jpg,True
ISIC_0012654.jpg,True
ISIC_0014838.jpg,True
ISIC_0016059.jpg,True
ISIC_0009902.jpg,True
ISIC_0000515.jpg,True
ISIC_0000451.jpg,True
ISIC_0015645.jpg,True
ISIC_0014349.jpg,True
ISIC_0014503.jpg,True
ISIC_0014910.jpg,True
ISIC_0000504.jpg,True
ISIC_0014535.jpg,True
ISIC_0000223.jpg,True
ISIC_0000127.jpg,True
ISIC_0014089.jpg,True
ISIC_0010365.jpg,True
ISIC_0000425.jpg,True
ISIC_0012681.jpg,True
ISIC_0000027.jpg,True
ISIC_0014716.jpg,True
ISIC_0014937.jpg,True
ISIC_0000112.jpg,True
ISIC_0002806.jpg,True
ISIC_0015020.jpg,True
ISIC_0012856.jpg,True
ISIC_0000342.jpg,True
ISIC_0011393.jpg,True
ISIC_0013891.jpg,True
ISIC_0009978.jpg,True
ISIC_0013602.jpg,True
ISIC_0014998.jpg,True
ISIC_0014541.jpg,True
ISIC_0010592.jpg,True
ISIC_0013599.jpg,True
ISIC_0012548.jpg,True
ISIC_0000413.jpg,True
ISIC_0013615.jpg,True
ISIC_0014708.jpg,True
ISIC_0009941.jpg,True
ISIC_0000197.jpg,True
ISIC_0000039.jpg,True
ISIC_0014229.jpg,True
ISIC_0009977.jpg,True
ISIC_0012379.jpg,True
ISIC_0014851.jpg,True
ISIC_0009917.jpg,True
ISIC_0010186.jpg,True
ISIC_0014073.jpg,True
ISIC_0013120.jpg,True
ISIC_0015244.jpg,True
ISIC_0000315.jpg,True
ISIC_0014158.jpg,True
ISIC_0000019.jpg,True
ISIC_0012551.jpg,True
ISIC_0014382.jpg,True
ISIC_0014633.jpg,True
ISIC_0013921.jpg,True
ISIC_0010058.jpg,True
ISIC_0000434.jpg,True
ISIC_0011353.jpg,True
ISIC_0014062.jpg,True
ISIC_0010333.jpg,True
ISIC_0015355.jpg,True
ISIC_0015969.jpg,True
ISIC_0010055.jpg,True
ISIC_0010329.jpg,True
ISIC_0009344.jpg,True
ISIC_0012526.jpg,True
ISIC_0011155.jpg,True
ISIC_0000409.jpg,True
ISIC_0013796.jpg,True
ISIC_0000338.jpg,True
ISIC_0000136.jpg,True
ISIC_0015603.jpg,True
ISIC_0000383.jpg,True
ISIC_0013639.jpg,True
ISIC_0010347.jpg,True
ISIC_0000122.jpg,True
ISIC_0013015.jpg,True
ISIC_0011382.jpg,True
ISIC_0000473.jpg,True
ISIC_0000508.jpg,True
ISIC_0010014.jpg,True
ISIC_0012092.jpg,True
ISIC_0000363.jpg,True
ISIC_0014453.jpg,True
ISIC_0013793.jpg,True
ISIC_0013395.jpg,True
ISIC_0012203.jpg,True
ISIC_0014567.jpg,True
ISIC_0000455.jpg,True
ISIC_0000213.jpg,True
ISIC_0014779.jpg,True
ISIC_0010590.jpg,True
ISIC_0003539.jpg,True
ISIC_0014788.jpg,True
ISIC_0015331.jpg,True
ISIC_0013360.jpg,True
ISIC_0010367.jpg,True
ISIC_0015005.jpg,True
ISIC_0009881.jpg,True
ISIC_0010449.jpg,True
ISIC_0000514.jpg,True
ISIC_0008879.jpg,True
ISIC_0011119.jpg,True
ISIC_0011114.jpg,True
ISIC_0014331.jpg,True
ISIC_0013783.jpg,True
ISIC_0000131.jpg,True
ISIC_0015966.jpg,True
ISIC_0012288.jpg,True
ISIC_0000370.jpg,True
ISIC_0007087.jpg,True
ISIC_0011298.jpg,True
ISIC_0000141.jpg,True
ISIC_0014703.jpg,True
ISIC_0013813.jpg,True
ISIC_0013423.jpg,True
ISIC_0010220.jpg,True
ISIC_0013027.jpg,True
ISIC_0000099.jpg,True
ISIC_0000181.jpg,True
ISIC_0016029.jpg,True
ISIC_0014164.jpg,True
ISIC_0013226.jpg,True
ISIC_0013600.jpg,True
ISIC_0000191.jpg,True
ISIC_0011204.jpg,True
ISIC_0013553.jpg,True
ISIC_0013084.jpg,True
ISIC_0000278.jpg,True
ISIC_0014925.jpg,True
ISIC_0012378.jpg,True
ISIC_0010022.jpg,True
ISIC_0014951.jpg,True
ISIC_0009970.jpg,True
ISIC_0014748.jpg,True
ISIC_0012358.jpg,True
ISIC_0010178.jpg,True
ISIC_0004309.jpg,True
ISIC_0013688.jpg,True
ISIC_0010093.jpg,True
ISIC_0000295.jpg,True
ISIC_0014849.jpg,True
ISIC_0009860.jpg,True
ISIC_0014325.jpg,True
ISIC_0012415.jpg,True
ISIC_0014273.jpg,True
ISIC_0011317.jpg,True
ISIC_0009873.jpg,True
ISIC_0015216.jpg,True
ISIC_0000137.jpg,True
ISIC_0000107.jpg,True
ISIC_0000247.jpg,True
ISIC_0012678.jpg,True
ISIC_0014131.jpg,True
ISIC_0012700.jpg,True
ISIC_0014489.jpg,True
ISIC_0016034.jpg,True
ISIC_0012272.jpg,True
ISIC_0013702.jpg,True
ISIC_0014879.jpg,True
ISIC_0012484.jpg,True
ISIC_0001212.jpg,True
ISIC_0002476.jpg,True
ISIC_0011159.jpg,True
ISIC_0015180.jpg,True
ISIC_0010192.jpg,True
ISIC_0014518.jpg,True
ISIC_0014818.jpg,True
ISIC_0000203.jpg,True
ISIC_0016068.jpg,True
ISIC_0014975.jpg,True
ISIC_0000545.jpg,True
ISIC_0013588.jpg,True
ISIC_0013888.jpg,True
ISIC_0000509.jpg,True
ISIC_0015991.jpg,True
ISIC_0015113.jpg,True
ISIC_0015980.jpg,True
ISIC_0010477.jpg,True
ISIC_0000279.jpg,True
ISIC_0000087.jpg,True
ISIC_0000494.jpg,True
ISIC_0013986.jpg,True
ISIC_0012298.jpg,True
ISIC_0015176.jpg,True
ISIC_0014697.jpg,True
ISIC_0013518.jpg,True
ISIC_0008998.jpg,True
ISIC_0014786.jpg,True
ISIC_0015955.jpg,True
ISIC_0000353.jpg,True
ISIC_0011144.jpg,True
ISIC_0009969.jpg,True
ISIC_0012706.jpg,True
ISIC_0015593.jpg,True
ISIC_0013165.jpg,True
ISIC_0012487.jpg,True
ISIC_0013910.jpg,True
ISIC_0013114.jpg,True
ISIC_0010232.jpg,True
ISIC_0010439.jpg,True
ISIC_0013193.jpg,True
ISIC_0013163.jpg,True
ISIC_0014336.jpg,True
ISIC_0014754.jpg,True
ISIC_0010858.jpg,True
ISIC_0001262.jpg,True
ISIC_0014317.jpg,True
ISIC_0000176.jpg,True
ISIC_0014728.jpg,True
ISIC_0012334.jpg,True
ISIC_0000470.jpg,True
ISIC_0000192.jpg,True
ISIC_0000215.jpg,True
ISIC_0002459.jpg,True
ISIC_0000423.jpg,True
ISIC_0014430.jpg,True
ISIC_0000274.jpg,True
ISIC_0015208.jpg,True
ISIC_0012099.jpg,True
ISIC_0014936.jpg,True
ISIC_0012673.jpg,True
ISIC_0011304.jpg,True
ISIC_0000543.jpg,True
ISIC_0000488.jpg,True
ISIC_0014178.jpg,True
ISIC_0010317.jpg,True
ISIC_0015171.jpg,True
ISIC_0013578.jpg,True
ISIC_0009895.jpg,True
ISIC_0010336.jpg,True
ISIC_0011229.jpg,True
ISIC_0013325.jpg,True
ISIC_0014665.jpg,True
ISIC_0016043.jpg,True
ISIC_0015260.jpg,True
ISIC_0011402.jpg,True
ISIC_0000357.jpg,True
ISIC_0013581.jpg,True
ISIC_0015963.jpg,True
ISIC_0000138.jpg,True
ISIC_0010468.jpg,True
ISIC_0009990.jpg,True
ISIC_0008541.jpg,True
ISIC_0013863.jpg,True
ISIC_0014136.jpg,True
ISIC_0013674.jpg,True
ISIC_0013527.jpg,True
ISIC_0010078.jpg,True
ISIC_0012160.jpg,True
ISIC_0012329.jpg,True
ISIC_0016042.jpg,True
ISIC_0011210.jpg,True
ISIC_0015526.jpg,True
ISIC_0011296.jpg,True
ISIC_0010864.jpg,True
ISIC_0013118.jpg,True
ISIC_0001275.jpg,True
ISIC_0010496.jpg,True
ISIC_0012425.jpg,True
ISIC_0012448.jpg,True
ISIC_0015155.jpg,True
ISIC_0010581.jpg,True
ISIC_0014609.jpg,True
ISIC_0000483.jpg,True
ISIC_0014926.jpg,True
ISIC_0013224.jpg,True
ISIC_0000343.jpg,True
ISIC_0013967.jpg,True
ISIC_0014397.jpg,True
ISIC_0011161.jpg,True
ISIC_0012390.jpg,True
ISIC_0010318.jpg,True
ISIC_0013196.jpg,True
ISIC_0016038.jpg,True
ISIC_0012268.jpg,True
ISIC_0014872.jpg,True
ISIC_0012664.jpg,True
ISIC_0013618.jpg,True
ISIC_0010554.jpg,True
ISIC_0000507.jpg,True
ISIC_0000038.jpg,True
ISIC_0000416.jpg,True
ISIC_0014868.jpg,True
ISIC_0015993.jpg,True
ISIC_0000283.jpg,True
ISIC_0001186.jpg,True
ISIC_0011334.jpg,True
ISIC_0012852.jpg,True
ISIC_0001181.jpg,True
ISIC_0012097.jpg,True
ISIC_0014942.jpg,True
ISIC_0014440.jpg,True
ISIC_0011117.jpg,True
ISIC_0014807.jpg,True
ISIC_0015050.jpg,True
ISIC_0011213.jpg,True
ISIC_0013577.jpg,True
ISIC_0013500.jpg,True
ISIC_0013708.jpg,True
ISIC_0011104.jpg,True
ISIC_0009939.jpg,True
ISIC_0012855.jpg,True
ISIC_0009975.jpg,True
ISIC_0000498.jpg,True
ISIC_0016040.jpg,True
ISIC_0014498.jpg,True
ISIC_0013719.jpg,True
ISIC_0002093.jpg,True
ISIC_0009958.jpg,True
ISIC_0013207.jpg,True
ISIC_0012549.jpg,True
ISIC_0012447.jpg,True
ISIC_0013053.jpg,True
ISIC_0013996.jpg,True
ISIC_0013559.jpg,True
ISIC_0010344.jpg,True
ISIC_0013935.jpg,True
ISIC_0007344.jpg,True
ISIC_0014778.jpg,True
ISIC_0000506.jpg,True
ISIC_0014299.jpg,True
ISIC_0013294.jpg,True
ISIC_0000367.jpg,True
ISIC_0014683.jpg,True
ISIC_0001372.jpg,True
ISIC_0012445.jpg,True
ISIC_0000336.jpg,True
ISIC_0012432.jpg,True
ISIC_0000477.jpg,True
ISIC_0012669.jpg,True
ISIC_0000029.jpg,True
ISIC_0012719.jpg,True
ISIC_0001442.jpg,True
ISIC_0012837.jpg,True
ISIC_0014768.jpg,True
ISIC_0012902.jpg,True
ISIC_0010262.jpg,True
ISIC_0012813.jpg,True
ISIC_0012680.jpg,True
ISIC_0000164.jpg,True
ISIC_0010372.jpg,True
ISIC_0013816.jpg,True
ISIC_0012338.jpg,True
ISIC_0015964.jpg,True
ISIC_0014502.jpg,True
ISIC_0014829.jpg,True
ISIC_0000212.jpg,True
ISIC_0014290.jpg,True
ISIC_0000458.jpg,True
ISIC_0000549.jpg,True
ISIC_0011129.jpg,True
ISIC_0010576.jpg,True
ISIC_0014475.jpg,True
ISIC_0010062.jpg,True
ISIC_0010177.jpg,True
ISIC_0012737.jpg,True
ISIC_0012877.jpg,True
ISIC_0012666.jpg,True
ISIC_0010191.jpg,True
ISIC_0011102.jpg,True
ISIC_0012333.jpg,True
ISIC_0010349.jpg,True
ISIC_0013549.jpg,True
ISIC_0016036.jpg,True
ISIC_0014795.jpg,True
ISIC_0015237.jpg,True
ISIC_0012330.jpg,True
ISIC_0015139.jpg,True
ISIC_0012207.jpg,True
ISIC_0015978.jpg,True
ISIC_0015211.jpg,True
ISIC_0012720.jpg,True
ISIC_0000065.jpg,True
ISIC_0013176.jpg,True
ISIC_0009945.jpg,True
ISIC_0001128.jpg,True
ISIC_0014163.jpg,True
ISIC_0014558.jpg,True
ISIC_0016060.jpg,True
ISIC_0000326.jpg,True
ISIC_0002246.jpg,True
ISIC_0010184.jpg,True
ISIC_0015468.jpg,True
ISIC_0000387.jpg,True
ISIC_0013258.jpg,True
ISIC_0015945.jpg,True
ISIC_0013417.jpg,True
ISIC_0013695.jpg,True
ISIC_0000251.jpg,True
ISIC_0009998.jpg,True
ISIC_0012494.jpg,True
ISIC_0012789.jpg,True
ISIC_0000999.jpg,True
ISIC_0015223.jpg,True
ISIC_0013054.jpg,True
ISIC_0014144.jpg,True
ISIC_0014726.jpg,True
ISIC_0000548.jpg,True
ISIC_0010190.jpg,True
ISIC_0000097.jpg,True
ISIC_0014395.jpg,True
ISIC_0000129.jpg,True
ISIC_0012981.jpg,True
ISIC_0010247.jpg,True
ISIC_0000319.jpg,True
ISIC_0012442.jpg,True
ISIC_0009874.jpg,True
ISIC_0010100.jpg,True
ISIC_0009165.jpg,True
ISIC_0000256.jpg,True
ISIC_0003805.jpg,True
ISIC_0014800.jpg,True
ISIC_0013488.jpg,True
ISIC_0013936.jpg,True
ISIC_0010332.jpg,True
ISIC_0000287.jpg,True
ISIC_0012957.jpg,True
ISIC_0010467.jpg,True
ISIC_0000332.jpg,True
ISIC_0010552.jpg,True
ISIC_0013356.jpg,True
ISIC_0010848.jpg,True
ISIC_0014958.jpg,True
ISIC_0010102.jpg,True
ISIC_0014581.jpg,True
ISIC_0010490.jpg,True
ISIC_0014599.jpg,True
ISIC_0012391.jpg,True
ISIC_0000054.jpg,True
ISIC_0012739.jpg,True
ISIC_0013806.jpg,True
ISIC_0000366.jpg,True
ISIC_0014419.jpg,True
ISIC_0011150.jpg,True
ISIC_0014423.jpg,True
ISIC_0011300.jpg,True
ISIC_0000024.jpg,True
ISIC_0013925.jpg,True
ISIC_0014666.jpg,True
ISIC_0013664.jpg,True
ISIC_0000276.jpg,True
ISIC_0014066.jpg,True
ISIC_0015233.jpg,True
ISIC_0013595.jpg,True
ISIC_0013911.jpg,True
ISIC_0014545.jpg,True
ISIC_0014197.jpg,True
ISIC_0008552.jpg,True
ISIC_0014680.jpg,True
ISIC_0000109.jpg,True
ISIC_0009988.jpg,True
ISIC_0014219.jpg,True
ISIC_0014927.jpg,True
ISIC_0000117.jpg,True
ISIC_0014527.jpg,True
ISIC_0000263.jpg,True
ISIC_0000221.jpg,True
ISIC_0014722.jpg,True
ISIC_0013302.jpg,True
ISIC_0009909.jpg,True
ISIC_0009937.jpg,True
ISIC_0001960.jpg,True
ISIC_0000105.jpg,True
ISIC_0010201.jpg,True
ISIC_0000190.jpg,True
ISIC_0016022.jpg,True
ISIC_0013369.jpg,True
ISIC_0009888.jpg,True
ISIC_0012878.jpg,True
ISIC_0011199.jpg,True
ISIC_0015110.jpg,True
ISIC_0009504.jpg,True
ISIC_0016014.jpg,True
ISIC_0014353.jpg,True
ISIC_0000246.jpg,True
ISIC_0014922.jpg,True
ISIC_0013982.jpg,True
ISIC_0010488.jpg,True
ISIC_0010088.jpg,True
ISIC_0010171.jpg,True
ISIC_0013765.jpg,True
ISIC_0014707.jpg,True
ISIC_0013094.jpg,True
ISIC_0015193.jpg,True
ISIC_0011168.jpg,True
ISIC_0015206.jpg,True
ISIC_0012250.jpg,True
ISIC_0013981.jpg,True
ISIC_0010202.jpg,True
ISIC_0000321.jpg,True
ISIC_0000216.jpg,True
ISIC_0000252.jpg,True
ISIC_0012475.jpg,True
ISIC_0016028.jpg,True
ISIC_0010851.jpg,True
ISIC_0013712.jpg,True
ISIC_0001126.jpg,True
ISIC_0012284.jpg,True
ISIC_0015009.jpg,True
ISIC_0012871.jpg,True
ISIC_0000113.jpg,True
ISIC_0000517.jpg,True
ISIC_0015445.jpg,True
ISIC_0000026.jpg,True
ISIC_0013804.jpg,True
ISIC_0002871.jpg,True
ISIC_0000080.jpg,True
ISIC_0000456.jpg,True
ISIC_0015563.jpg,True
ISIC_0010032.jpg,True
ISIC_0014745.jpg,True
ISIC_0012238.jpg,True
ISIC_0015976.jpg,True
ISIC_0014577.jpg,True
ISIC_0014069.jpg,True
ISIC_0013277.jpg,True
ISIC_0015057.jpg,True
ISIC_0000260.jpg,True
ISIC_0008403.jpg,True
ISIC_0010374.jpg,True
ISIC_0014643.jpg,True
ISIC_0000463.jpg,True
ISIC_0013457.jpg,True
ISIC_0013035.jpg,True
ISIC_0011109.jpg,True
ISIC_0013961.jpg,True
ISIC_0015369.jpg,True
ISIC_0013832.jpg,True
ISIC_0014253.jpg,True
ISIC_0014651.jpg,True
ISIC_0012889.jpg,True
ISIC_0009901.jpg,True
ISIC_0009938.jpg,True
ISIC_0014217.jpg,True
ISIC_0013399.jpg,True
ISIC_0014574.jpg,True
ISIC_0015395.jpg,True
ISIC_0012351.jpg,True
ISIC_0012989.jpg,True
ISIC_0000395.jpg,True
ISIC_0012496.jpg,True
ISIC_0012713.jpg,True
ISIC_0014490.jpg,True
ISIC_0015510.jpg,True
ISIC_0000298.jpg,True
ISIC_0010075.jpg,True
ISIC_0012282.jpg,True
ISIC_0008347.jpg,True
ISIC_0015158.jpg,True
ISIC_0013766.jpg,True
ISIC_0016045.jpg,True
ISIC_0013089.jpg,True
ISIC_0010330.jpg,True
ISIC_0014639.jpg,True
ISIC_0013678.jpg,True
ISIC_0001118.jpg,True
ISIC_0014476.jpg,True
ISIC_0016052.jpg,True
ISIC_0014238.jpg,True
ISIC_0012473.jpg,True
ISIC_0014032.jpg,True
ISIC_0000268.jpg,True
ISIC_0015157.jpg,True
ISIC_0014386.jpg,True
ISIC_0012173.jpg,True
ISIC_0015985.jpg,True
ISIC_0010189.jpg,True
ISIC_0000510.jpg,True
ISIC_0010249.jpg,True
ISIC_0014346.jpg,True
ISIC_0014166.jpg,True
ISIC_0010019.jpg,True
ISIC_0013815.jpg,True
ISIC_0014715.jpg,True
ISIC_0014529.jpg,True
ISIC_0010237.jpg,True
ISIC_0002374.jpg,True
ISIC_0014836.jpg,True
ISIC_0015153.jpg,True
ISIC_0014723.jpg,True
ISIC_0000085.jpg,True
ISIC_0000449.jpg,True
ISIC_0013800.jpg,True
ISIC_0006800.jpg,True
ISIC_0001423.jpg,True
ISIC_0011173.jpg,True
ISIC_0015949.jpg,True
ISIC_0002353.jpg,True
ISIC_0000205.jpg,True
ISIC_0010089.jpg,True
ISIC_0011099.jpg,True
ISIC_0013797.jpg,True
ISIC_0000121.jpg,True
ISIC_0014979.jpg,True
ISIC_0000147.jpg,True
ISIC_0012884.jpg,True
ISIC_0010382.jpg,True
ISIC_0009921.jpg,True
ISIC_0015043.jpg,True
ISIC_0012510.jpg,True
ISIC_0013235.jpg,True
ISIC_0014685.jpg,True
ISIC_0015981.jpg,True
ISIC_0013831.jpg,True
ISIC_0013257.jpg,True
ISIC_0010090.jpg,True
ISIC_0013794.jpg,True
ISIC_0015219.jpg,True
ISIC_0007241.jpg,True
ISIC_0015983.jpg,True
ISIC_0015368.jpg,True
ISIC_0010850.jpg,True
ISIC_0008145.jpg,True
ISIC_0000102.jpg,True
ISIC_0013056.jpg,True
ISIC_0012455.jpg,True
ISIC_0012701.jpg,True
ISIC_0010448.jpg,True
ISIC_0013836.jpg,True
ISIC_0000345.jpg,True
ISIC_0014049.jpg,True
ISIC_0010588.jpg,True
ISIC_0002673.jpg,True
ISIC_0014525.jpg,True
ISIC_0013862.jpg,True
ISIC_0010264.jpg,True
ISIC_0009188.jpg,True
ISIC_0013512.jpg,True
ISIC_0009956.jpg,True
ISIC_0000421.jpg,True
ISIC_0006982.jpg,True
ISIC_0011177.jpg,True
ISIC_0000520.jpg,True
ISIC_0009933.jpg,True
ISIC_0013244.jpg,True
ISIC_0000265.jpg,True
ISIC_0012690.jpg,True
ISIC_0011214.jpg,True
ISIC_0006612.jpg,True
ISIC_0012281.jpg,True
ISIC_0009564.jpg,True
ISIC_0013562.jpg,True
ISIC_0011327.jpg,True
ISIC_0010028.jpg,True
ISIC_0012453.jpg,True
ISIC_0016012.jpg,True
ISIC_0014821.jpg,True
ISIC_0000324.jpg,True
ISIC_0013601.jpg,True
ISIC_0009877.jpg,True
ISIC_0010472.jpg,True
ISIC_0007788.jpg,True
ISIC_0001133.jpg,True
ISIC_0012233.jpg,True
ISIC_0013987.jpg,True
ISIC_0000355.jpg,True
ISIC_0001216.jpg,True
ISIC_0014500.jpg,True
ISIC_0014919.jpg,True
ISIC_0015190.jpg,True
ISIC_0000325.jpg,True
ISIC_0013896.jpg,True
ISIC_0000236.jpg,True
ISIC_0009885.jpg,True
ISIC_0013799.jpg,True
ISIC_0013552.jpg,True
ISIC_0013567.jpg,True
ISIC_0014694.jpg,True
ISIC_0000007.jpg,True
ISIC_0014794.jpg,True
ISIC_0014773.jpg,True
ISIC_0007760.jpg,True
ISIC_0011095.jpg,True
ISIC_0010248.jpg,True
ISIC_0016072.jpg,True
ISIC_0011295.jpg,True
ISIC_0000043.jpg,True
ISIC_0000469.jpg,True
ISIC_0010175.jpg,True
ISIC_0014850.jpg,True
ISIC_0009940.jpg,True
ISIC_0015363.jpg,True
ISIC_0011205.jpg,True
ISIC_0000487.jpg,True
ISIC_0012435.jpg,True
ISIC_0012986.jpg,True
ISIC_0000349.jpg,True
ISIC_0013617.jpg,True
ISIC_0015390.jpg,True
ISIC_0000393.jpg,True
ISIC_0015276.jpg,True
ISIC_0012095.jpg,True
ISIC_0014347.jpg,True
ISIC_0014428.jpg,True
ISIC_0010060.jpg,True
ISIC_0013803.jpg,True
ISIC_0000198.jpg,True
ISIC_0000160.jpg,True
ISIC_0012836.jpg,True
ISIC_0014663.jpg,True
ISIC_0000048.jpg,True
ISIC_0015951.jpg,True
ISIC_0015972.jpg,True
ISIC_0000466.jpg,True
ISIC_0012826.jpg,True
ISIC_0000057.jpg,True
ISIC_0000377.jpg,True
ISIC_0010263.jpg,True
ISIC_0013136.jpg,True
ISIC_0014469.jpg,True
ISIC_0011098.jpg,True
ISIC_0010000.jpg,True
ISIC_0013740.jpg,True
ISIC_0000554.jpg,True
ISIC_0013222.jpg,True
ISIC_0013733.jpg,True
ISIC_0000015.jpg,True
ISIC_0009982.jpg,True
ISIC_0013383.jpg,True
ISIC_0011383.jpg,True
ISIC_0016030.jpg,True
ISIC_0015404.jpg,True
ISIC_0014092.jpg,True
ISIC_0014933.jpg,True
ISIC_0001148.jpg,True
ISIC_0000245.jpg,True
ISIC_0009035.jpg,True
ISIC_0010852.jpg,True
ISIC_0012208.jpg,True
ISIC_0015251.jpg,True
ISIC_0000382.jpg,True
ISIC_0014559.jpg,True
ISIC_0012665.jpg,True
ISIC_0014506.jpg,True
ISIC_0014869.jpg,True
ISIC_0011329.jpg,True
ISIC_0010036.jpg,True
ISIC_0000004.jpg,True
ISIC_0000202.jpg,True
ISIC_0013494.jpg,True
ISIC_0012325.jpg,True
ISIC_0013523.jpg,True
ISIC_0011390.jpg,True
ISIC_0015982.jpg,True
ISIC_0013795.jpg,True
ISIC_0000293.jpg,True
ISIC_0012740.jpg,True
ISIC_0010320.jpg,True
ISIC_0013585.jpg,True
ISIC_0011202.jpg,True
ISIC_0000331.jpg,True
ISIC_0010487.jpg,True
ISIC_0012222.jpg,True
ISIC_0013385.jpg,True
ISIC_0014987.jpg,True
ISIC_0012663.jpg,True
ISIC_0000392.jpg,True
ISIC_0013592.jpg,True
ISIC_0000036.jpg,True
ISIC_0014946.jpg,True
ISIC_0000250.jpg,True
ISIC_0014780.jpg,True
ISIC_0009758.jpg,True
ISIC_0000500.jpg,True
ISIC_0012395.jpg,True
ISIC_0000346.jpg,True
ISIC_0010023.jpg,True
ISIC_0014151.jpg,True
ISIC_0012804.jpg,True
ISIC_0000378.jpg,True
ISIC_0006350.jpg,True
ISIC_0000071.jpg,True
ISIC_0000074.jpg,True
ISIC_0013897.jpg,True
ISIC_0013953.jpg,True
ISIC_0012939.jpg,True
ISIC_0013306.jpg,True
ISIC_0012547.jpg,True
ISIC_0015418.jpg,True
ISIC_0015130.jpg,True
ISIC_0014845.jpg,True
ISIC_0000108.jpg,True
ISIC_0012503.jpg,True
ISIC_0006671.jpg,True
ISIC_0014013.jpg,True
ISIC_0014904.jpg,True
ISIC_0000303.jpg,True
ISIC_0001427.jpg,True
ISIC_0015102.jpg,True
ISIC_0003174.jpg,True
ISIC_0000381.jpg,True
ISIC_0013425.jpg,True
ISIC_0010558.jpg,True
ISIC_0010368.jpg,True
ISIC_0010054.jpg,True
ISIC_0000253.jpg,True
ISIC_0014790.jpg,True
ISIC_0012278.jpg,True
ISIC_0002975.jpg,True
ISIC_0010169.jpg,True
ISIC_0011349.jpg,True
ISIC_0014133.jpg,True
ISIC_0000125.jpg,True
ISIC_0013977.jpg,True
ISIC_0012116.jpg,True
ISIC_0000412.jpg,True
ISIC_0013034.jpg,True
ISIC_0001242.jpg,True
ISIC_0000540.jpg,True
ISIC_0012744.jpg,True
ISIC_0011115.jpg,True
ISIC_0015175.jpg,True
ISIC_0014185.jpg,True
ISIC_0015455.jpg,True
ISIC_0010074.jpg,True
ISIC_0014546.jpg,True
ISIC_0010222.jpg,True
ISIC_0012671.jpg,True
ISIC_0000537.jpg,True
ISIC_0016050.jpg,True
ISIC_0014361.jpg,True
ISIC_0000199.jpg,True
ISIC_0010105.jpg,True
ISIC_0000134.jpg,True
ISIC_0012489.jpg,True
ISIC_0010326.jpg,True
ISIC_0015946.jpg,True
ISIC_0015109.jpg,True
ISIC_0013140.jpg,True
ISIC_0012256.jpg,True
ISIC_0011127.jpg,True
ISIC_0013311.jpg,True
ISIC_0011344.jpg,True
ISIC_0012677.jpg,True
ISIC_0012792.jpg,True
ISIC_0010053.jpg,True
ISIC_0011167.jpg,True
ISIC_0016071.jpg,True
ISIC_0013090.jpg,True
ISIC_0000120.jpg,True
ISIC_0000418.jpg,True
ISIC_0003657.jpg,True
ISIC_0010041.jpg,True
ISIC_0011156.jpg,True
ISIC_0000310.jpg,True
ISIC_0015189.jpg,True
ISIC_0014183.jpg,True
ISIC_0016054.jpg,True
ISIC_0014812.jpg,True
ISIC_0001191.jpg,True
ISIC_0009914.jpg,True
ISIC_0000145.jpg,True
ISIC_0010252.jpg,True
ISIC_0000044.jpg,True
ISIC_0013340.jpg,True
ISIC_0001296.jpg,True
ISIC_0010013.jpg,True
ISIC_0013465.jpg,True
ISIC_0010267.jpg,True
ISIC_0015617.jpg,True
ISIC_0013208.jpg,True
ISIC_0015170.jpg,True
ISIC_0000021.jpg,True
ISIC_0001204.jpg,True
ISIC_0013390.jpg,True
ISIC_0000390.jpg,True
ISIC_0008528.jpg,True
ISIC_0009906.jpg,True
ISIC_0013499.jpg,True
ISIC_0000171.jpg,True
ISIC_0000372.jpg,True
ISIC_0001105.jpg,True
ISIC_0012177.jpg,True
ISIC_0011386.jpg,True
ISIC_0012887.jpg,True
ISIC_0014139.jpg,True
ISIC_0012990.jpg,True
ISIC_0011118.jpg,True
ISIC_0012949.jpg,True
ISIC_0000196.jpg,True
ISIC_0013355.jpg,True
ISIC_0013075.jpg,True
ISIC_0010596.jpg,True
ISIC_0000388.jpg,True
ISIC_0012741.jpg,True
ISIC_0014572.jpg,True
ISIC_0011339.jpg,True
ISIC_0015944.jpg,True
ISIC_0014753.jpg,True
ISIC_0013012.jpg,True
ISIC_0013201.jpg,True
ISIC_0013651.jpg,True
ISIC_0014132.jpg,True
ISIC_0012253.jpg,True
ISIC_0009954.jpg,True
ISIC_0012661.jpg,True
ISIC_0013491.jpg,True
ISIC_0015627.jpg,True
ISIC_0015994.jpg,True
ISIC_0010094.jpg,True
ISIC_0000229.jpg,True
ISIC_0012715.jpg,True
ISIC_0015481.jpg,True
ISIC_0013673.jpg,True
ISIC_0014839.jpg,True
ISIC_0010607.jpg,True
ISIC_0013359.jpg,True
ISIC_0010853.jpg,True
ISIC_0005787.jpg,True
ISIC_0014762.jpg,True
ISIC_0000025.jpg,True
ISIC_0014862.jpg,True
ISIC_0000231.jpg,True
ISIC_0010086.jpg,True
ISIC_0009880.jpg,True
ISIC_0015411.jpg,True
ISIC_0015974.jpg,True
ISIC_0000535.jpg,True
ISIC_0001131.jpg,True
ISIC_0013837.jpg,True
ISIC_0010206.jpg,True
ISIC_0012814.jpg,True
ISIC_0013489.jpg,True
ISIC_0014940.jpg,True
ISIC_0000242.jpg,True
ISIC_0014983.jpg,True
ISIC_0014537.jpg,True
ISIC_0006795.jpg,True
ISIC_0002251.jpg,True
ISIC_0009904.jpg,True
ISIC_0000013.jpg,True
ISIC_0013172.jpg,True
ISIC_0009899.jpg,True
ISIC_0013341.jpg,True
ISIC_0015496.jpg,True
ISIC_0015173.jpg,True
ISIC_0011303.jpg,True
ISIC_0007332.jpg,True
ISIC_0015166.jpg,True
ISIC_0000426.jpg,True
ISIC_0000261.jpg,True
ISIC_0015142.jpg,True
ISIC_0013975.jpg,True
ISIC_0013749.jpg,True
ISIC_0014966.jpg,True
ISIC_0013762.jpg,True
ISIC_0000340.jpg,True
ISIC_0000133.jpg,True
ISIC_0000154.jpg,True
ISIC_0000281.jpg,True
ISIC_0015144.jpg,True
ISIC_0013456.jpg,True
ISIC_0001306.jpg,True
ISIC_0014046.jpg,True
ISIC_0000052.jpg,True
ISIC_0013801.jpg,True
ISIC_0013472.jpg,True
ISIC_0014948.jpg,True
ISIC_0002647.jpg,True
ISIC_0014964.jpg,True
ISIC_0013438.jpg,True
ISIC_0012516.jpg,True
ISIC_0010574.jpg,True
ISIC_0008807.jpg,True
ISIC_0014470.jpg,True
ISIC_0014749.jpg,True
ISIC_0015312.jpg,True
ISIC_0012685.jpg,True
ISIC_0013000.jpg,True
ISIC_0009947.jpg,True
ISIC_0013223.jpg,True
ISIC_0013394.jpg,True
ISIC_0010455.jpg,True
ISIC_0012742.jpg,True
ISIC_0013291.jpg,True
ISIC_0001163.jpg,True
ISIC_0013233.jpg,True
ISIC_0014863.jpg,True
ISIC_0013023.jpg,True
ISIC_0014820.jpg,True
ISIC_0013656.jpg,True
ISIC_0010605.jpg,True
ISIC_0000386.jpg,True
ISIC_0013561.jpg,True
ISIC_0012512.jpg,True
ISIC_0013198.jpg,True
ISIC_0011372.jpg,True
ISIC_0013164.jpg,True
ISIC_0014806.jpg,True
ISIC_0013001.jpg,True
ISIC_0014480.jpg,True
ISIC_0013314.jpg,True
ISIC_0014973.jpg,True
ISIC_0015295.jpg,True
ISIC_0013428.jpg,True
ISIC_0015204.jpg,True
ISIC_0014337.jpg,True
ISIC_0014803.jpg,True
ISIC_0014037.jpg,True
ISIC_0014911.jpg,True
ISIC_0012320.jpg,True
ISIC_0009884.jpg,True
ISIC_0008659.jpg,True
ISIC_0012506.jpg,True
ISIC_0014585.jpg,True
ISIC_0011085.jpg,True
ISIC_0000311.jpg,True
ISIC_0011225.jpg,True
ISIC_0014832.jpg,True
ISIC_0016065.jpg,True
ISIC_0013052.jpg,True
ISIC_0000448.jpg,True
ISIC_0003582.jpg,True
ISIC_0015274.jpg,True
ISIC_0015279.jpg,True
ISIC_0012529.jpg,True
ISIC_0012342.jpg,True
ISIC_0012883.jpg,True
ISIC_0014187.jpg,True
ISIC_0013082.jpg,True
ISIC_0000225.jpg,True
ISIC_0015417.jpg,True
ISIC_0014077.jpg,True
ISIC_0013167.jpg,True
ISIC_0014103.jpg,True
ISIC_0015254.jpg,True
ISIC_0015284.jpg,True
ISIC_0013393.jpg,True
ISIC_0000882.jpg,True
ISIC_0014548.jpg,True
ISIC_0011157.jpg,True
ISIC_0012705.jpg,True
ISIC_0013039.jpg,True
ISIC_0003308.jpg,True
ISIC_0013637.jpg,True
ISIC_0014642.jpg,True
ISIC_0014962.jpg,True
ISIC_0010168.jpg,True
ISIC_0000316.jpg,True
ISIC_0000348.jpg,True
ISIC_0010017.jpg,True
ISIC_0014846.jpg,True
ISIC_0000092.jpg,True
ISIC_0014955.jpg,True
ISIC_0011348.jpg,True
ISIC_0011163.jpg,True
ISIC_0013501.jpg,True
ISIC_0015636.jpg,True
ISIC_0012224.jpg,True
ISIC_0012285.jpg,True
ISIC_0000064.jpg,True
ISIC_0012348.jpg,True
ISIC_0001254.jpg,True
ISIC_0012773.jpg,True
ISIC_0013603.jpg,True
ISIC_0013073.jpg,True
ISIC_0011158.jpg,True
ISIC_0011373.jpg,True
ISIC_0014640.jpg,True
ISIC_0010233.jpg,True
ISIC_0009875.jpg,True
ISIC_0009946.jpg,True
ISIC_0000046.jpg,True
ISIC_0015218.jpg,True
ISIC_0000175.jpg,True
ISIC_0009971.jpg,True
ISIC_0012357.jpg,True
ISIC_0014081.jpg,True
ISIC_0013610.jpg,True
ISIC_0012201.jpg,True
ISIC_0000049.jpg,True
ISIC_0015309.jpg,True
ISIC_0000364.jpg,True
ISIC_0013146.jpg,True
ISIC_0015962.jpg,True
ISIC_0003559.jpg,True
ISIC_0014327.jpg,True
ISIC_0010573.jpg,True
ISIC_0009897.jpg,True
ISIC_0014720.jpg,True
ISIC_0010466.jpg,True
ISIC_0014992.jpg,True
ISIC_0013405.jpg,True
ISIC_0012245.jpg,True
ISIC_0015179.jpg,True
ISIC_0000306.jpg,True
ISIC_0011305.jpg,True
ISIC_0015412.jpg,True
ISIC_0014441.jpg,True
ISIC_0000224.jpg,True
ISIC_0013200.jpg,True
ISIC_0015013.jpg,True
ISIC_0014393.jpg,True
ISIC_0012880.jpg,True
ISIC_0011132.jpg,True
ISIC_0012944.jpg,True
ISIC_0009918.jpg,True
ISIC_0000485.jpg,True
ISIC_0015283.jpg,True
ISIC_0015631.jpg,True
ISIC_0008993.jpg,True
ISIC_0014162.jpg,True
ISIC_0009944.jpg,True
ISIC_0012969.jpg,True
ISIC_0014080.jpg,True
ISIC_0000496.jpg,True
ISIC_0000397.jpg,True
ISIC_0014580.jpg,True
ISIC_0000436.jpg,True
ISIC_0013833.jpg,True
ISIC_0009979.jpg,True
ISIC_0010370.jpg,True
ISIC_0000471.jpg,True
ISIC_0015241.jpg,True
ISIC_0015952.jpg,True
ISIC_0012653.jpg,True
ISIC_0013676.jpg,True
ISIC_0010061.jpg,True
ISIC_0012810.jpg,True
ISIC_0013929.jpg,True
ISIC_0009883.jpg,True
ISIC_0014311.jpg,True
ISIC_0013842.jpg,True
ISIC_0014661.jpg,True
ISIC_0013288.jpg,True
ISIC_0000476.jpg,True
ISIC_0000532.jpg,True
ISIC_0012206.jpg,True
ISIC_0000204.jpg,True
ISIC_0015937.jpg,True
ISIC_0010337.jpg,True
ISIC_0010092.jpg,True
ISIC_0015984.jpg,True
ISIC_0014835.jpg,True
ISIC_0012135.jpg,True
ISIC_0011170.jpg,True
ISIC_0011105.jpg,True
ISIC_0000374.jpg,True
ISIC_0009992.jpg,True
ISIC_0003728.jpg,True
ISIC_0013597.jpg,True
ISIC_0000142.jpg,True
ISIC_0006711.jpg,True
ISIC_0005000.jpg,True
ISIC_0000533.jpg,True
ISIC_0010046.jpg,True
ISIC_0016024.jpg,True
ISIC_0010063.jpg,True
ISIC_0014791.jpg,True
ISIC_0013346.jpg,True
ISIC_0016026.jpg,True
ISIC_0013962.jpg,True
ISIC_0015544.jpg,True
ISIC_0015313.jpg,True
ISIC_0012332.jpg,True
ISIC_0014742.jpg,True
ISIC_0015041.jpg,True
ISIC_0013844.jpg,True
ISIC_0014994.jpg,True
ISIC_0011089.jpg,True
ISIC_0012290.jpg,True
ISIC_0000518.jpg,True
ISIC_0000244.jpg,True
ISIC_0013177.jpg,True
ISIC_0000182.jpg,True
ISIC_0014174.jpg,True
ISIC_0016057.jpg,True
ISIC_0012221.jpg,True
ISIC_0014797.jpg,True
ISIC_0015064.jpg,True
ISIC_0010462.jpg,True
ISIC_0012655.jpg,True
ISIC_0014601.jpg,True
ISIC_0013636.jpg,True
ISIC_0006651.jpg,True
ISIC_0016015.jpg,True
ISIC_0015007.jpg,True
ISIC_0010465.jpg,True
ISIC_0010241.jpg,True
ISIC_0015960.jpg,True
ISIC_0013526.jpg,True
ISIC_0011378.jpg,True
ISIC_0012657.jpg,True
ISIC_0011135.jpg,True
ISIC_0013170.jpg,True
ISIC_0015037.jpg,True
ISIC_0008256.jpg,True
ISIC_0000214.jpg,True
ISIC_0000091.jpg,True
ISIC_0012450.jpg,True
ISIC_0015008.jpg,True
ISIC_0012323.jpg,True
ISIC_0013274.jpg,True
ISIC_0014431.jpg,True
ISIC_0011211.jpg,True
ISIC_0000089.jpg,True
ISIC_0014422.jpg,True
ISIC_0012725.jpg,True
ISIC_0012271.jpg,True
ISIC_0012257.jpg,True
ISIC_0000495.jpg,True
ISIC_0012335.jpg,True
ISIC_0014094.jpg,True
ISIC_0001100.jpg,True
ISIC_0014150.jpg,True
ISIC_0011088.jpg,True
ISIC_0013568.jpg,True
ISIC_0000505.jpg,True
ISIC_0013403.jpg,True
ISIC_0010204.jpg,True
ISIC_0001299.jpg,True
ISIC_0000522.jpg,True
ISIC_0010861.jpg,True
ISIC_0000482.jpg,True
ISIC_0014688.jpg,True
ISIC_0014826.jpg,True
ISIC_0000183.jpg,True
ISIC_0001385.jpg,True
ISIC_0003005.jpg,True
ISIC_0013663.jpg,True
ISIC_0014782.jpg,True
ISIC_0013048.jpg,True
ISIC_0011120.jpg,True
ISIC_0015996.jpg,True
ISIC_0010568.jpg,True
ISIC_0013364.jpg,True
ISIC_0010226.jpg,True
ISIC_0001188.jpg,True
ISIC_0015185.jpg,True
ISIC_0015965.jpg,True
ISIC_0014394.jpg,True
ISIC_0010176.jpg,True
ISIC_0012746.jpg,True
ISIC_0014372.jpg,True
ISIC_0012735.jpg,True
ISIC_0009964.jpg,True
ISIC_0010357.jpg,True
ISIC_0014844.jpg,True
ISIC_0010475.jpg,True
ISIC_0013958.jpg,True
ISIC_0014883.jpg,True
ISIC_0000547.jpg,True
ISIC_0012143.jpg,True
ISIC_0015939.jpg,True
ISIC_0011128.jpg,True
ISIC_0015018.jpg,True
ISIC_0010473.jpg,True
ISIC_0015229.jpg,True
ISIC_0012374.jpg,True
ISIC_0014360.jpg,True
ISIC_0013922.jpg,True
ISIC_0015568.jpg,True
ISIC_0014603.jpg,True
ISIC_0012704.jpg,True
ISIC_0000403.jpg,True
ISIC_0014632.jpg,True
ISIC_0013414.jpg,True
ISIC_0000240.jpg,True
ISIC_0009083.jpg,True
ISIC_0015030.jpg,True
ISIC_0000218.jpg,True
ISIC_0013329.jpg,True
ISIC_0013334.jpg,True
ISIC_0010067.jpg,True
ISIC_0006815.jpg,True
ISIC_0014029.jpg,True
ISIC_0011336.jpg,True
ISIC_0014457.jpg,True
ISIC_0014798.jpg,True
ISIC_0000116.jpg,True
ISIC_0010599.jpg,True
ISIC_0010183.jpg,True
ISIC_0010335.jpg,True
ISIC_0014968.jpg,True
ISIC_0000014.jpg,True
ISIC_0014274.jpg,True
ISIC_0011092.jpg,True
ISIC_0000396.jpg,True
ISIC_0013169.jpg,True
ISIC_0014891.jpg,True
ISIC_0011360.jpg,True
ISIC_0010104.jpg,True
ISIC_0010047.jpg,True
ISIC_0000088.jpg,True
ISIC_0012127.jpg,True
ISIC_0014787.jpg,True
ISIC_0010362.jpg,True
ISIC_0014270.jpg,True
ISIC_0015975.jpg,True
ISIC_0000115.jpg,True
ISIC_0013737.jpg,True
ISIC_0013166.jpg,True
ISIC_0015638.jpg,True
ISIC_0011218.jpg,True
ISIC_0014366.jpg,True
ISIC_0014677.jpg,True
ISIC_0013128.jpg,True
ISIC_0012656.jpg,True
ISIC_0000322.jpg,True
ISIC_0010319.jpg,True
ISIC_0013430.jpg,True
ISIC_0015940.jpg,True
ISIC_0013044.jpg,True
ISIC_0015016.jpg,True
ISIC_0009953.jpg,True
ISIC_0014952.jpg,True
ISIC_0012118.jpg,True
ISIC_0012907.jpg,True
ISIC_0011220.jpg,True
ISIC_0009896.jpg,True
ISIC_0010005.jpg,True
ISIC_0000491.jpg,True
ISIC_0012481.jpg,True
ISIC_0013670.jpg,True
ISIC_0000069.jpg,True
ISIC_0012360.jpg,True
ISIC_0013227.jpg,True
ISIC_0011165.jpg,True
ISIC_0008992.jpg,True
ISIC_0000492.jpg,True
ISIC_0010569.jpg,True
ISIC_0012227.jpg,True
ISIC_0012976.jpg,True
ISIC_0001152.jpg,True
ISIC_0016044.jpg,True
ISIC_0000407.jpg,True
ISIC_0014760.jpg,True
ISIC_0014714.jpg,True
ISIC_0007322.jpg,True
ISIC_0010042.jpg,True
ISIC_0013398.jpg,True
ISIC_0000051.jpg,True
ISIC_0012363.jpg,True
ISIC_0013691.jpg,True
ISIC_0000351.jpg,True
ISIC_0013126.jpg,True
ISIC_0013141.jpg,True
ISIC_0012108.jpg,True
ISIC_0013134.jpg,True
ISIC_0010492.jpg,True
ISIC_0000410.jpg,True
ISIC_0015353.jpg,True
ISIC_0011315.jpg,True
ISIC_0013230.jpg,True
ISIC_0014623.jpg,True
ISIC_0015957.jpg,True
ISIC_0010598.jpg,True
ISIC_0001374.jpg,True
ISIC_0010009.jpg,True
ISIC_0014725.jpg,True
ISIC_0009961.jpg,True
ISIC_0013086.jpg,True
ISIC_0013121.jpg,True
ISIC_0013432.jpg,True
ISIC_0000239.jpg,True
ISIC_0016016.jpg,True
ISIC_0014912.jpg,True
ISIC_0000297.jpg,True
ISIC_0009965.jpg,True
ISIC_0012212.jpg,True
ISIC_0016025.jpg,True
ISIC_0014792.jpg,True
ISIC_0014943.jpg,True
ISIC_0010185.jpg,True
ISIC_0013529.jpg,True
ISIC_0012261.jpg,True
ISIC_0013487.jpg,True
ISIC_0001142.jpg,True
ISIC_0012147.jpg,True
ISIC_0012749.jpg,True
ISIC_0015243.jpg,True
ISIC_0010187.jpg,True
ISIC_0013232.jpg,True
ISIC_0014149.jpg,True
ISIC_0000173.jpg,True
ISIC_0010587.jpg,True
ISIC_0014410.jpg,True
ISIC_0013685.jpg,True
ISIC_0014173.jpg,True
ISIC_0010029.jpg,True
ISIC_0013032.jpg,True
ISIC_0013819.jpg,True
ISIC_0011345.jpg,True
ISIC_0010483.jpg,True
ISIC_0000444.jpg,True
ISIC_0011166.jpg,True
ISIC_0012313.jpg,True
ISIC_0014775.jpg,True
ISIC_0011324.jpg,True
ISIC_0000552.jpg,True
ISIC_0010458.jpg,True
ISIC_0010024.jpg,True
ISIC_0014772.jpg,True
ISIC_0016064.jpg,True
ISIC_0012266.jpg,True
ISIC_0012126.jpg,True
ISIC_0000201.jpg,True
ISIC_0004985.jpg,True
ISIC_0015082.jpg,True
ISIC_0002829.jpg,True
ISIC_0013879.jpg,True
ISIC_0012520.jpg,True
ISIC_0000226.jpg,True
ISIC_0011176.jpg,True
ISIC_0011208.jpg,True
ISIC_0012417.jpg,True
ISIC_0000408.jpg,True
ISIC_0013365.jpg,True
ISIC_0013671.jpg,True
ISIC_0013874.jpg,True
ISIC_0010025.jpg,True
ISIC_0010021.jpg,True
ISIC_0009920.jpg,True
ISIC_0012523.jpg,True
ISIC_0012961.jpg,True
ISIC_0014001.jpg,True
ISIC_0006914.jpg,True
ISIC_0014857.jpg,True
ISIC_0010064.jpg,True
ISIC_0014985.jpg,True
ISIC_0016041.jpg,True
ISIC_0000206.jpg,True
ISIC_0015132.jpg,True
ISIC_0000327.jpg,True
ISIC_0013378.jpg,True
ISIC_0000101.jpg,True
ISIC_0015140.jpg,True
ISIC_0012950.jpg,True
ISIC_0012248.jpg,True
ISIC_0013966.jpg,True
ISIC_0014619.jpg,True
ISIC_0013160.jpg,True
ISIC_0013181.jpg,True
ISIC_0000524.jpg,True
ISIC_0011347.jpg,True
ISIC_0000490.jpg,True
ISIC_0014263.jpg,True
ISIC_0011101.jpg,True
ISIC_0015403.jpg,True
ISIC_0013229.jpg,True
ISIC_0000151.jpg,True
ISIC_0012259.jpg,True
ISIC_0008029.jpg,True
ISIC_0011212.jpg,True
ISIC_0013867.jpg,True
ISIC_0000222.jpg,True
ISIC_0014823.jpg,True
ISIC_0010497.jpg,True
ISIC_0000200.jpg,True
ISIC_0002469.jpg,True
ISIC_0000081.jpg,True
ISIC_0000184.jpg,True
ISIC_0009078.jpg,True
ISIC_0013150.jpg,True
ISIC_0000165.jpg,True
ISIC_0011326.jpg,True
ISIC_0000031.jpg,True
ISIC_0009923.jpg,True
ISIC_0011123.jpg,True
ISIC_0010844.jpg,True
ISIC_0000384.jpg,True
ISIC_0013321.jpg,True
ISIC_0014755.jpg,True
ISIC_0000103.jpg,True
ISIC_0012945.jpg,True
ISIC_0015291.jpg,True
ISIC_0001449.jpg,True
ISIC_0013886.jpg,True
ISIC_0015019.jpg,True
ISIC_0012873.jpg,True
ISIC_0000030.jpg,True
ISIC_0010239.jpg,True
ISIC_0009583.jpg,True
ISIC_0012178.jpg,True
ISIC_0012905.jpg,True
ISIC_0010356.jpg,True
ISIC_0014478.jpg,True
ISIC_0013330.jpg,True
ISIC_0014664.jpg,True
ISIC_0014915.jpg,True
ISIC_0016037.jpg,True
ISIC_0013480.jpg,True
ISIC_0000034.jpg,True
ISIC_0008524.jpg,True
ISIC_0016004.jpg,True
ISIC_0000159.jpg,True
ISIC_0014072.jpg,True
ISIC_0014108.jpg,True
ISIC_0015035.jpg,True
ISIC_0010010.jpg,True
ISIC_0000427.jpg,True
ISIC_0013565.jpg,True
ISIC_0000447.jpg,True
ISIC_0000095.jpg,True
ISIC_0013635.jpg,True
ISIC_0010056.jpg,True
ISIC_0010327.jpg,True
ISIC_0015466.jpg,True
ISIC_0000453.jpg,True
ISIC_0015044.jpg,True
ISIC_0007796.jpg,True
ISIC_0015990.jpg,True
ISIC_0014169.jpg,True
ISIC_0013830.jpg,True
ISIC_0010015.jpg,True
ISIC_0001769.jpg,True
ISIC_0013988.jpg,True
ISIC_0014729.jpg,True
ISIC_0010846.jpg,True
ISIC_0014961.jpg,True
ISIC_0014291.jpg,True
ISIC_0012672.jpg,True
ISIC_0004337.jpg,True
ISIC_0013217.jpg,True
ISIC_0014628.jpg,True
ISIC_0013315.jpg,True
ISIC_0010435.jpg,True
ISIC_0010862.jpg,True
ISIC_0013204.jpg,True
ISIC_0011228.jpg,True
ISIC_0013579.jpg,True
ISIC_0012434.jpg,True
ISIC_0013644.jpg,True
ISIC_0007528.jpg,True
ISIC_0014831.jpg,True
ISIC_0012246.jpg,True
ISIC_0014547.jpg,True
ISIC_0000111.jpg,True
ISIC_0000317.jpg,True
ISIC_0011083.jpg,True
ISIC_0010244.jpg,True
ISIC_0013758.jpg,True
ISIC_0013984.jpg,True
ISIC_0014286.jpg,True
ISIC_0000320.jpg,True
ISIC_0013690.jpg,True
ISIC_0014308.jpg,True
ISIC_0012835.jpg,True
ISIC_0015998.jpg,True
ISIC_0000350.jpg,True
ISIC_0000017.jpg,True
ISIC_0014114.jpg,True
ISIC_0014944.jpg,True
ISIC_0012966.jpg,True
ISIC_0016005.jpg,True
ISIC_0013072.jpg,True
ISIC_0005639.jpg,True
ISIC_0006940.jpg,True
ISIC_0010081.jpg,True
ISIC_0013458.jpg,True
ISIC_0011143.jpg,True
ISIC_0011203.jpg,True
ISIC_0000032.jpg,True
ISIC_0000380.jpg,True
ISIC_0013511.jpg,True
ISIC_0014805.jpg,True
ISIC_0011149.jpg,True
ISIC_0000132.jpg,True
ISIC_0011343.jpg,True
ISIC_0010038.jpg,True
ISIC_0010553.jpg,True
ISIC_0000299.jpg,True
ISIC_0016055.jpg,True
ISIC_0010602.jpg,True
ISIC_0015146.jpg,True
ISIC_0014921.jpg,True
ISIC_0000541.jpg,True
ISIC_0011297.jpg,True
ISIC_0014956.jpg,True
ISIC_0009993.jpg,True
ISIC_0013249.jpg,True
ISIC_0000292.jpg,True
ISIC_0015357.jpg,True
ISIC_0015149.jpg,True
ISIC_0010227.jpg,True
ISIC_0008626.jpg,True
ISIC_0010342.jpg,True
ISIC_0012550.jpg,True
ISIC_0000249.jpg,True
ISIC_0008913.jpg,True
ISIC_0011227.jpg,True
ISIC_0013747.jpg,True
ISIC_0009951.jpg,True
ISIC_0009949.jpg,True
ISIC_0011333.jpg,True
ISIC_0000385.jpg,True
ISIC_0013437.jpg,True
ISIC_0012670.jpg,True
ISIC_0012372.jpg,True
ISIC_0014698.jpg,True
ISIC_0015127.jpg,True
ISIC_0012478.jpg,True
ISIC_0010234.jpg,True
ISIC_0014324.jpg,True
ISIC_0013972.jpg,True
ISIC_0012299.jpg,True
ISIC_0009950.jpg,True
ISIC_0015078.jpg,True
ISIC_0016011.jpg,True
ISIC_0000235.jpg,True
ISIC_0010443.jpg,True
ISIC_0000529.jpg,True
ISIC_0011358.jpg,True
ISIC_0015995.jpg,True
ISIC_0012109.jpg,True
ISIC_0002439.jpg,True
ISIC_0001119.jpg,True
ISIC_0011356.jpg,True
ISIC_0010364.jpg,True
ISIC_0014573.jpg,True
ISIC_0015311.jpg,True
ISIC_0012151.jpg,True
ISIC_0000146.jpg,True
ISIC_0014117.jpg,True
ISIC_0011110.jpg,True
ISIC_0012167.jpg,True
ISIC_0013843.jpg,True
ISIC_0010571.jpg,True
ISIC_0014796.jpg,True
ISIC_0006114.jpg,True
ISIC_0004115.jpg,True
ISIC_0000419.jpg,True
ISIC_0000022.jpg,True
ISIC_0015071.jpg,True
ISIC_0014587.jpg,True
ISIC_0005548.jpg,True
ISIC_0015118.jpg,True
ISIC_0015967.jpg,True
ISIC_0013805.jpg,True
ISIC_0015079.jpg,True
ISIC_0012930.jpg,True
ISIC_0012726.jpg,True
ISIC_0008280.jpg,True
ISIC_0013721.jpg,True
ISIC_0013772.jpg,True
ISIC_0012311.jpg,True
ISIC_0013275.jpg,True
ISIC_0010016.jpg,True
ISIC_0011131.jpg,True
ISIC_0011121.jpg,True
ISIC_0014610.jpg,True
ISIC_0013397.jpg,True
ISIC_0010346.jpg,True
ISIC_0015293.jpg,True
ISIC_0014724.jpg,True
ISIC_0013129.jpg,True
ISIC_0011359.jpg,True
ISIC_0011366.jpg,True
ISIC_0001292.jpg,True
ISIC_0012806.jpg,True
ISIC_0014783.jpg,True
ISIC_0012888.jpg,True
ISIC_0015999.jpg,True
ISIC_0013798.jpg,True
ISIC_0015582.jpg,True
ISIC_0000172.jpg,True
ISIC_0012721.jpg,True
ISIC_0012384.jpg,True
ISIC_0012356.jpg,True
ISIC_0014110.jpg,True
ISIC_0000082.jpg,True
ISIC_0000000.jpg,True
ISIC_0015641.jpg,True
ISIC_0013802.jpg,True
ISIC_0014876.jpg,True
ISIC_0015401.jpg,True
ISIC_0014763.jpg,True
ISIC_0014989.jpg,True
ISIC_0011219.jpg,True
ISIC_0014554.jpg,True
ISIC_0009919.jpg,True
ISIC_0015947.jpg,True
ISIC_0013573.jpg,True
ISIC_0010180.jpg,True
ISIC_0011357.jpg,True
ISIC_0012382.jpg,True
ISIC_0014365.jpg,True
ISIC_0011146.jpg,True
ISIC_0011341.jpg,True
ISIC_0010037.jpg,True
ISIC_0014617.jpg,True
ISIC_0016008.jpg,True
ISIC_0000045.jpg,True
ISIC_0010257.jpg,True
ISIC_0010003.jpg,True
ISIC_0010034.jpg,True
ISIC_0014804.jpg,True
ISIC_0000337.jpg,True
ISIC_0015464.jpg,True
ISIC_0001213.jpg,True
ISIC_0015256.jpg,True
ISIC_0009943.jpg,True
ISIC_0011164.jpg,True
ISIC_0010322.jpg,True
ISIC_0014929.jpg,True
ISIC_0012898.jpg,True
ISIC_0013205.jpg,True
ISIC_0013063.jpg,True
ISIC_0015310.jpg,True
ISIC_0008785.jpg,True
ISIC_0000055.jpg,True
ISIC_0012094.jpg,True
ISIC_0013416.jpg,True
ISIC_0013434.jpg,True
ISIC_0012659.jpg,True
ISIC_0000072.jpg,True
ISIC_0015203.jpg,True
ISIC_0007693.jpg,True
ISIC_0015943.jpg,True
ISIC_0015250.jpg,True
ISIC_0014486.jpg,True
ISIC_0013173.jpg,True
ISIC_0000503.jpg,True
ISIC_0010350.jpg,True
ISIC_0000035.jpg,True
ISIC_0000096.jpg,True
ISIC_0014302.jpg,True
ISIC_0000124.jpg,True
ISIC_0002453.jpg,True
ISIC_0015483.jpg,True
ISIC_0002206.jpg,True
ISIC_0014652.jpg,True
ISIC_0014947.jpg,True
ISIC_0000179.jpg,True
ISIC_0010447.jpg,True
ISIC_0012770.jpg,True
ISIC_0002438.jpg,True
ISIC_0000068.jpg,True
ISIC_0014090.jpg,True
ISIC_0012205.jpg,True
ISIC_0012876.jpg,True
ISIC_0016062.jpg,True
ISIC_0013696.jpg,True
ISIC_0016009.jpg,True
ISIC_0015245.jpg,True
ISIC_0013096.jpg,True
ISIC_0014848.jpg,True
ISIC_0010265.jpg,True
ISIC_0015447.jpg,True
ISIC_0014735.jpg,True
ISIC_0012134.jpg,True
ISIC_0010361.jpg,True
ISIC_0012182.jpg,True
ISIC_0011306.jpg,True
ISIC_0013112.jpg,True
ISIC_0000128.jpg,True
ISIC_0014195.jpg,True
ISIC_0013809.jpg,True
ISIC_0014625.jpg,True
ISIC_0012105.jpg,True
ISIC_0001102.jpg,True
ISIC_0012758.jpg,True
ISIC_0010235.jpg,True
ISIC_0014928.jpg,True
ISIC_0014890.jpg,True
ISIC_0015997.jpg,True
ISIC_0000040.jpg,True
ISIC_0000077.jpg,True
ISIC_0000166.jpg,True
ISIC_0013242.jpg,True
ISIC_0014693.jpg,True
ISIC_0010863.jpg,True
ISIC_0007475.jpg,True
ISIC_0010585.jpg,True
ISIC_0014784.jpg,True
ISIC_0010565.jpg,True
ISIC_0000016.jpg,True
ISIC_0000152.jpg,True
ISIC_0012676.jpg,True
ISIC_0010073.jpg,True
ISIC_0013474.jpg,True
ISIC_0015941.jpg,True
ISIC_0015436.jpg,True
ISIC_0014511.jpg,True
ISIC_0009930.jpg,True
ISIC_0015485.jpg,True
ISIC_0000457.jpg,True
ISIC_0000169.jpg,True
ISIC_0009898.jpg,True
ISIC_0012508.jpg,True
ISIC_0011139.jpg,True
ISIC_0014093.jpg,True
ISIC_0014624.jpg,True
ISIC_0009160.jpg,True
ISIC_0014171.jpg,True
ISIC_0010240.jpg,True
ISIC_0015133.jpg,True
ISIC_0013840.jpg,True
ISIC_0015950.jpg,True
ISIC_0011374.jpg,True
ISIC_0013525.jpg,True
ISIC_0000359.jpg,True
ISIC_0000358.jpg,True
ISIC_0013071.jpg,True
ISIC_0002948.jpg,True
ISIC_0011082.jpg,True
ISIC_0001106.jpg,True
ISIC_0009868.jpg,True
ISIC_0010205.jpg,True
ISIC_0014027.jpg,True
ISIC_0010593.jpg,True
ISIC_0015034.jpg,True
ISIC_0012228.jpg,True
ISIC_0013775.jpg,True
ISIC_0000433.jpg,True
ISIC_0010603.jpg,True
ISIC_0000528.jpg,True
ISIC_0007141.jpg,True
ISIC_0015056.jpg,True
ISIC_0013767.jpg,True
ISIC_0014814.jpg,True
ISIC_0012965.jpg,True
ISIC_0012235.jpg,True
ISIC_0009252.jpg,True
ISIC_0001185.jpg,True
ISIC_0013917.jpg,True
ISIC_0014730.jpg,True
ISIC_0009991.jpg,True
ISIC_0009889.jpg,True
ISIC_0003462.jpg,True
ISIC_0013190.jpg,True
ISIC_0014284.jpg,True
ISIC_0015961.jpg,True
ISIC_0013596.jpg,True
ISIC_0012777.jpg,True
ISIC_0009967.jpg,True
ISIC_0013304.jpg,True
ISIC_0000042.jpg,True
ISIC_0015559.jpg,True
ISIC_0000162.jpg,True
ISIC_0010228.jpg,True
ISIC_0010493.jpg,True
ISIC_0002836.jpg,True
ISIC_0013672.jpg,True
ISIC_0000227.jpg,True
ISIC_0015150.jpg,True
ISIC_0011338.jpg,True
ISIC_0000531.jpg,True
ISIC_0000352.jpg,True
ISIC_0014898.jpg,True
ISIC_0010457.jpg,True
ISIC_0000143.jpg,True
ISIC_0000233.jpg,True
ISIC_0013192.jpg,True
ISIC_0000177.jpg,True
ISIC_0010480.jpg,True
ISIC_0011223.jpg,True
ISIC_0014957.jpg,True
ISIC_0010606.jpg,True
ISIC_0015953.jpg,True
ISIC_0012693.jpg,True
ISIC_0000442.jpg,True
ISIC_0000234.jpg,True
ISIC_0014867.jpg,True
ISIC_0009987.jpg,True
ISIC_0000098.jpg,True
ISIC_0015255.jpg,True
ISIC_0012756.jpg,True
ISIC_0010057.jpg,True
ISIC_0013572.jpg,True
ISIC_0007557.jpg,True
ISIC_0015440.jpg,True
ISIC_0014635.jpg,True
ISIC_0000376.jpg,True
ISIC_0012413.jpg,True
ISIC_0015948.jpg,True
ISIC_0000163.jpg,True
ISIC_0012682.jpg,True
ISIC_0000050.jpg,True
ISIC_0000170.jpg,True
ISIC_0000254.jpg,True
ISIC_0015011.jpg,True
ISIC_0000217.jpg,True
ISIC_0011294.jpg,True
ISIC_0008207.jpg,True
ISIC_0009974.jpg,True
ISIC_0002287.jpg,True
ISIC_0015360.jpg,True
ISIC_0013007.jpg,True
ISIC_0014853.jpg,True
ISIC_0001871.jpg,True
ISIC_0013333.jpg,True
ISIC_0005620.jpg,True
ISIC_0012159.jpg,True
ISIC_0013983.jpg,True
ISIC_0000061.jpg,True
ISIC_0001286.jpg,True
ISIC_0013079.jpg,True
ISIC_0012683.jpg,True
ISIC_0000501.jpg,True
ISIC_0000365.jpg,True
ISIC_0013411.jpg,True
ISIC_0015089.jpg,True
ISIC_0002489.jpg,True
ISIC_0012210.jpg,True
ISIC_0011385.jpg,True
ISIC_0012987.jpg,True
ISIC_0016035.jpg,True
ISIC_0016007.jpg,True
ISIC_0010360.jpg,True
ISIC_0014696.jpg,True
ISIC_0015156.jpg,True
ISIC_0000314.jpg,True
ISIC_0010358.jpg,True
ISIC_0013969.jpg,True
ISIC_0000511.jpg,True
ISIC_0014743.jpg,True
ISIC_0000067.jpg,True
ISIC_0013024.jpg,True
ISIC_0014833.jpg,True
ISIC_0012697.jpg,True
ISIC_0014189.jpg,True
ISIC_0014099.jpg,True
ISIC_0014157.jpg,True
ISIC_0014225.jpg,True
ISIC_0012538.jpg,True
ISIC_0013065.jpg,True
ISIC_0012911.jpg,True
ISIC_0010348.jpg,True
ISIC_0000258.jpg,True
ISIC_0014596.jpg,True
ISIC_0000135.jpg,True
ISIC_0000523.jpg,True
ISIC_0000058.jpg,True
ISIC_0010379.jpg,True
ISIC_0012679.jpg,True
ISIC_0012306.jpg,True
ISIC_0014907.jpg,True
ISIC_0000339.jpg,True
ISIC_0016063.jpg,True
ISIC_0006776.jpg,True
ISIC_0000053.jpg,True
ISIC_0010442.jpg,True
ISIC_0000193.jpg,True
ISIC_0012941.jpg,True
ISIC_0013490.jpg,True
ISIC_0009201.jpg,True
ISIC_0000484.jpg,True
ISIC_0013203.jpg,True
ISIC_0013621.jpg,True
ISIC_0000150.jpg,True
ISIC_0008236.jpg,True
ISIC_0015115.jpg,True
ISIC_0006021.jpg,True
ISIC_0013031.jpg,True
ISIC_0010070.jpg,True
ISIC_0000301.jpg,True
ISIC_0009972.jpg,True
ISIC_0012940.jpg,True
ISIC_0004110.jpg,True
ISIC_0015270.jpg,True
ISIC_0000093.jpg,True
ISIC_0010452.jpg,True
ISIC_0014771.jpg,True
ISIC_0001247.jpg,True
ISIC_0015224.jpg,True
ISIC_0014809.jpg,True
ISIC_0011361.jpg,True
ISIC_0000361.jpg,True
ISIC_0009932.jpg,True
ISIC_0012400.jpg,True
ISIC_0012155.jpg,True
ISIC_0014385.jpg,True
ISIC_0010604.jpg,True
ISIC_0013998.jpg,True
ISIC_0000075.jpg,True
ISIC_0013861.jpg,True
ISIC_0005555.jpg,True
ISIC_0014702.jpg,True
ISIC_0013271.jpg,True
ISIC_0000420.jpg,True
ISIC_0013424.jpg,True
ISIC_0005187.jpg,True
ISIC_0013709.jpg,True
ISIC_0012803.jpg,True
ISIC_0010589.jpg,True
ISIC_0005247.jpg,True
ISIC_0000555.jpg,True
ISIC_0000262.jpg,True
ISIC_0000153.jpg,True
ISIC_0015201.jpg,True
ISIC_0013643.jpg,True
ISIC_0000480.jpg,True
ISIC_0012464.jpg,True
ISIC_0014160.jpg,True
ISIC_0002879.jpg,True
ISIC_0015566.jpg,True
ISIC_0014963.jpg,True
ISIC_0011224.jpg,True
ISIC_0012711.jpg,True
ISIC_0000059.jpg,True
ISIC_0000294.jpg,True
ISIC_0013946.jpg,True
ISIC_0000110.jpg,True
ISIC_0000527.jpg,True
ISIC_0010860.jpg,True
ISIC_0013739.jpg,True
ISIC_0015443.jpg,True
ISIC_0000185.jpg,True
ISIC_0000525.jpg,True
ISIC_0013216.jpg,True
ISIC_0015023.jpg,True
ISIC_0014288.jpg,True
ISIC_0014434.jpg,True
ISIC_0013516.jpg,True
ISIC_0014255.jpg,True
ISIC_0009879.jpg,True
ISIC_0015032.jpg,True
ISIC_0000086.jpg,True
ISIC_0000313.jpg,True
ISIC_0013970.jpg,True
ISIC_0012865.jpg,True
ISIC_0014526.jpg,True
ISIC_0015021.jpg,True
ISIC_0010857.jpg,True
ISIC_0014785.jpg,True
ISIC_0000148.jpg,True
ISIC_0010043.jpg,True
ISIC_0015936.jpg,True
ISIC_0014731.jpg,True
ISIC_0013026.jpg,True
ISIC_0010194.jpg,True
ISIC_0010229.jpg,True
ISIC_0000344.jpg,True
ISIC_0013817.jpg,True
ISIC_0012879.jpg,True
ISIC_0010011.jpg,True
ISIC_0000062.jpg,True
ISIC_0013498.jpg,True
ISIC_0013782.jpg,True
ISIC_0003056.jpg,True
ISIC_0013942.jpg,True
ISIC_0009981.jpg,True
ISIC_0012932.jpg,True
ISIC_0015124.jpg,True
ISIC_0012662.jpg,True
ISIC_0014129.jpg,True
ISIC_0015607.jpg,True
ISIC_0000271.jpg,True
ISIC_0012191.jpg,True
ISIC_0001367.jpg,True
ISIC_0010441.jpg,True
ISIC_0014682.jpg,True
ISIC_0013865.jpg,True
ISIC_0000474.jpg,True
ISIC_0013580.jpg,True
ISIC_0012232.jpg,True
ISIC_0000209.jpg,True
ISIC_0000323.jpg,True
ISIC_0009980.jpg,True
ISIC_0000379.jpg,True
ISIC_0012089.jpg,True
ISIC_0014854.jpg,True
ISIC_0014657.jpg,True
ISIC_0013554.jpg,True
ISIC_0013808.jpg,True
ISIC_0012204.jpg,True
ISIC_0000479.jpg,True
ISIC_0011151.jpg,True
ISIC_0012988.jpg,True
ISIC_0000546.jpg,True
ISIC_0000550.jpg,True
ISIC_0000460.jpg,True
ISIC_0010856.jpg,True
ISIC_0015031.jpg,True
ISIC_0013189.jpg,True
ISIC_0010066.jpg,True
ISIC_0015202.jpg,True
ISIC_0013997.jpg,True
ISIC_0016006.jpg,True
ISIC_0013070.jpg,True
ISIC_0013219.jpg,True
ISIC_0000073.jpg,True
ISIC_0011124.jpg,True
ISIC_0015046.jpg,True
ISIC_0014982.jpg,True
ISIC_0015986.jpg,True
ISIC_0010591.jpg,True
ISIC_0012381.jpg,True
ISIC_0012786.jpg,True
ISIC_0012376.jpg,True
ISIC_0014289.jpg,True
ISIC_0000544.jpg,True
ISIC_0010323.jpg,True
ISIC_0009430.jpg,True
ISIC_0009599.jpg,True
ISIC_0000264.jpg,True
ISIC_0015152.jpg,True
ISIC_0009925.jpg,True
ISIC_0000290.jpg,True
ISIC_0012710.jpg,True
ISIC_0000020.jpg,True
ISIC_0013400.jpg,True
ISIC_0000269.jpg,True
ISIC_0010476.jpg,True
ISIC_0013374.jpg,True
ISIC_0013310.jpg,True
ISIC_0009934.jpg,True
ISIC_0013606.jpg,True
ISIC_0000556.jpg,True
ISIC_0012086.jpg,True
ISIC_0015060.jpg,True
ISIC_0012260.jpg,True
ISIC_0009995.jpg,True
ISIC_0015258.jpg,True
ISIC_0009927.jpg,True
ISIC_0000360.jpg,True
ISIC_0013410.jpg,True
ISIC_0011328.jpg,True
ISIC_0013594.jpg,True
ISIC_0000489.jpg,True
ISIC_0015419.jpg,True
ISIC_0010341.jpg,True
ISIC_0013427.jpg,True
ISIC_0014357.jpg,True
ISIC_0010213.jpg,True
ISIC_0000126.jpg,True
ISIC_0000100.jpg,True
ISIC_0012702.jpg,True
ISIC_0014658.jpg,True
ISIC_0014438.jpg,True
ISIC_0013684.jpg,True
ISIC_0000207.jpg,True
ISIC_0014076.jpg,True
ISIC_0000481.jpg,True
ISIC_0000188.jpg,True
ISIC_0013025.jpg,True
ISIC_0015942.jpg,True
ISIC_0000210.jpg,True
ISIC_0013748.jpg,True
ISIC_0015625.jpg,True
ISIC_0009966.jpg,True
ISIC_0015273.jpg,True
ISIC_0010339.jpg,True
ISIC_0016003.jpg,True
ISIC_0014667.jpg,True
ISIC_0013104.jpg,True
ISIC_0012211.jpg,True
ISIC_0013918.jpg,True
ISIC_0010182.jpg,True
ISIC_0014600.jpg,True
ISIC_0014901.jpg,True
ISIC_0000465.jpg,True
ISIC_0014931.jpg,True
ISIC_0000187.jpg,True
ISIC_0013319.jpg,True
ISIC_0014830.jpg,True
ISIC_0014328.jpg,True
ISIC_0012999.jpg,True
ISIC_0000330.jpg,True
ISIC_0010567.jpg,True
ISIC_0013045.jpg,True
ISIC_0000232.jpg,True
ISIC_0014458.jpg,True
ISIC_0013212.jpg,True
ISIC_0015136.jpg,True
ISIC_0014855.jpg,True
ISIC_0000486.jpg,True
ISIC_0013517.jpg,True
ISIC_0011107.jpg,True
ISIC_0000018.jpg,True
ISIC_0011397.jpg,True
ISIC_0014059.jpg,True
ISIC_0009891.jpg,True
ISIC_0009935.jpg,True
ISIC_0014941.jpg,True
ISIC_0012213.jpg,True
ISIC_0013493.jpg,True
ISIC_0016069.jpg,True
ISIC_0000282.jpg,True
ISIC_0000228.jpg,True
ISIC_0013326.jpg,True
ISIC_0014913.jpg,True
ISIC_0010498.jpg,True
ISIC_0002488.jpg,True
ISIC_0012316.jpg,True
ISIC_0014860.jpg,True
ISIC_0016056.jpg,True
ISIC_0000329.jpg,True
ISIC_0012844.jpg,True
ISIC_0000211.jpg,True
ISIC_0010597.jpg,True
ISIC_0012674.jpg,True
ISIC_0014897.jpg,True
ISIC_0013828.jpg,True
ISIC_0010077.jpg,True
ISIC_0013087.jpg,True
ISIC_0012137.jpg,True
ISIC_0000037.jpg,True
ISIC_0013124.jpg,True
ISIC_0014392.jpg,True
